Year,Fatalities,Population (Thousand),Fatalities per Capita,"Fatalities per 100,000"
2020,144,5029.9,2.8628799777331558e-05,2.8628799777331557
2021,132,5074.7,2.6011389835852366e-05,2.6011389835852365
2022,152,5184.0,2.932098765432099e-05,2.932098765432099
2023,180,5281.6,3.408058164192669e-05,3.4080581641926693
2024,172,5380.3,3.19684775941862e-05,3.19684775941862
